module,testClass
zookeeper-compatibility-tests/zookeeper-compatibility-tests-curator,org.apache.zookeeper.compatibility.TestApacheCuratorCompatibility
zookeeper-recipes/zookeeper-recipes-queue,org.apache.zookeeper.recipes.queue.DistributedQueueTest
zookeeper-recipes/zookeeper-recipes-lock,org.apache.zookeeper.recipes.lock.WriteLockTest
zookeeper-recipes/zookeeper-recipes-election,org.apache.zookeeper.recipes.leader.LeaderElectionSupportTest
zookeeper-server,org.apache.zookeeper.test.AsyncHammerTest
zookeeper-server,org.apache.zookeeper.test.ThrottledOpObserverTest
zookeeper-server,org.apache.zookeeper.common.ZKConfigTest
zookeeper-server,org.apache.zookeeper.test.ObserverHierarchicalQuorumTest
zookeeper-server,org.apache.zookeeper.server.CRCTest
zookeeper-server,org.apache.zookeeper.server.quorum.LearnerMetricsTest
zookeeper-server,org.apache.zookeeper.test.QuorumHammerTest
zookeeper-server,org.apache.zookeeper.test.SessionTimeoutTest
zookeeper-server,org.apache.zookeeper.server.quorum.CurrentEpochWriteFailureTest
zookeeper-server,org.apache.zookeeper.server.BlueThrottleTest
zookeeper-server,org.apache.zookeeper.server.ZxidRolloverTest
zookeeper-server,org.apache.zookeeper.test.ChrootAsyncTest
zookeeper-server,org.apache.zookeeper.ClientCanonicalizeTest
zookeeper-server,org.apache.zookeeper.server.quorum.EpochWriteFailureTest
zookeeper-server,org.apache.zookeeper.server.SnapshotDigestTest
zookeeper-server,org.apache.zookeeper.server.NettyServerCnxnTest
zookeeper-server,org.apache.zookeeper.common.X509UtilTest
zookeeper-server,org.apache.zookeeper.test.LeaderSessionTrackerTest
zookeeper-server,org.apache.zookeeper.server.quorum.auth.QuorumKerberosAuthTest
zookeeper-server,org.apache.zookeeper.test.InvalidSnapshotTest
zookeeper-server,org.apache.zookeeper.test.SaslAuthFailTest
zookeeper-server,org.apache.zookeeper.server.quorum.ReconfigFailureCasesTest
zookeeper-server,org.apache.zookeeper.test.SaslAuthRequiredFailWrongSASLTest
zookeeper-server,org.apache.zookeeper.SaslAuthTest
zookeeper-server,org.apache.zookeeper.test.SaslClientTest
zookeeper-server,org.apache.zookeeper.test.RecoveryTest
zookeeper-server,org.apache.zookeeper.test.ThrottledOpStandaloneTest
zookeeper-server,org.apache.zookeeper.test.LocalSessionRequestTest
zookeeper-server,org.apache.zookeeper.test.AsyncTest
zookeeper-server,org.apache.zookeeper.test.WatcherTest
zookeeper-server,org.apache.zookeeper.test.ChrootTest
zookeeper-server,org.apache.zookeeper.ClientRequestTimeoutTest
zookeeper-server,org.apache.zookeeper.test.ReconfigMisconfigTest
zookeeper-server,org.apache.zookeeper.test.SessionTest
zookeeper-server,org.apache.zookeeper.test.MultiOperationTest
zookeeper-server,org.apache.zookeeper.test.ReconfigTest
zookeeper-server,org.apache.zookeeper.server.ConnectionMetricsTest
zookeeper-server,org.apache.zookeeper.ClientCnxnSocketTest
zookeeper-server,org.apache.zookeeper.server.ZooKeeperServerMaxCnxnsTest
zookeeper-server,org.apache.zookeeper.test.ClientSkipACLTest
zookeeper-server,org.apache.zookeeper.test.ClientTest
zookeeper-server,org.apache.zookeeper.test.DuplicateLocalSessionUpgradeTest
zookeeper-server,org.apache.zookeeper.test.ReconfigExceptionTest
zookeeper-server,org.apache.zookeeper.test.CreateTest
zookeeper-server,org.apache.zookeeper.test.SaslAuthDesignatedServerTest
zookeeper-server,org.apache.zookeeper.server.MultiOpSessionUpgradeTest
zookeeper-server,org.apache.zookeeper.test.RepeatStartupTest
zookeeper-server,org.apache.zookeeper.RemoveWatchesCmdTest
zookeeper-server,org.apache.zookeeper.test.StandaloneTest
zookeeper-server,org.apache.zookeeper.test.ACLTest
zookeeper-server,org.apache.zookeeper.test.ClientHammerTest
zookeeper-server,org.apache.zookeeper.test.WatcherFuncTest
zookeeper-server,org.apache.zookeeper.test.SaslAuthMissingClientConfigTest
zookeeper-server,org.apache.zookeeper.server.persistence.FileTxnLogTest
zookeeper-server,org.apache.zookeeper.test.SaslSuperUserTest
zookeeper-server,org.apache.zookeeper.test.GetChildren2Test
zookeeper-server,org.apache.zookeeper.test.MultiAsyncTransactionTest
zookeeper-server,org.apache.zookeeper.server.TxnLogDigestTest
zookeeper-server,org.apache.zookeeper.test.QuorumTest
zookeeper-server,org.apache.zookeeper.server.PrepRequestProcessorMetricsTest
zookeeper-server,org.apache.zookeeper.test.ClientSSLTest
zookeeper-server,org.apache.zookeeper.test.EnforceQuotaTest
zookeeper-server,org.apache.zookeeper.GetEphemeralsTest
zookeeper-server,org.apache.zookeeper.test.FollowerResyncConcurrencyTest
zookeeper-server,org.apache.zookeeper.server.quorum.auth.QuorumKerberosHostBasedAuthTest
zookeeper-server,org.apache.zookeeper.test.ClientPortBindTest
zookeeper-server,org.apache.zookeeper.server.CreateTTLTest
zookeeper-server,org.apache.zookeeper.server.quorum.CloseSessionTxnTest
zookeeper-server,org.apache.zookeeper.test.KeyAuthClientTest
zookeeper-server,org.apache.zookeeper.test.DisconnectedWatcherTest
zookeeper-server,org.apache.zookeeper.server.quorum.FuzzySnapshotRelatedTest
zookeeper-server,org.apache.zookeeper.server.quorum.ReconfigLegacyTest
zookeeper-server,org.apache.zookeeper.test.LoadFromLogTest
zookeeper-server,org.apache.zookeeper.test.FourLetterWordsQuorumTest
zookeeper-server,org.apache.zookeeper.server.quorum.DIFFSyncConsistencyTest
zookeeper-server,org.apache.zookeeper.test.BufferSizeTest
zookeeper-server,org.apache.zookeeper.test.ReadOnlyModeTest
zookeeper-server,org.apache.zookeeper.test.SaslAuthRequiredFailNoSASLTest
zookeeper-server,org.apache.zookeeper.ZooKeeperTest
zookeeper-server,org.apache.zookeeper.test.SaslDigestAuthOverSSLTest
zookeeper-server,org.apache.zookeeper.test.SSLAuthTest
zookeeper-server,org.apache.zookeeper.server.quorum.SessionUpgradeQuorumTest
zookeeper-server,org.apache.zookeeper.test.SaslKerberosAuthOverSSLTest
zookeeper-server,org.apache.zookeeper.test.SaslAuthRequiredTest
zookeeper-server,org.apache.zookeeper.server.persistence.FileTxnSnapLogMetricsTest
zookeeper-server,org.apache.zookeeper.test.ACLRootTest
zookeeper-server,org.apache.zookeeper.test.EnsembleAuthTest
zookeeper-server,org.apache.zookeeper.audit.StandaloneServerAuditTest
zookeeper-server,org.apache.zookeeper.server.quorum.StandaloneDisabledTest
zookeeper-server,org.apache.zookeeper.server.quorum.ReconfigRecoveryTest
zookeeper-server,org.apache.zookeeper.test.RestoreCommittedLogTest
zookeeper-server,org.apache.zookeeper.test.EmptiedSnapshotRecoveryTest
zookeeper-server,org.apache.zookeeper.server.NIOServerCnxnTest
zookeeper-server,org.apache.zookeeper.test.AuthTest
zookeeper-server,org.apache.zookeeper.test.DigestAuthDisabledTest
zookeeper-server,org.apache.zookeeper.CustomHostProviderTest
zookeeper-server,org.apache.zookeeper.server.embedded.ZookeeperServerSslEmbeddedTest
zookeeper-server,org.apache.zookeeper.server.quorum.EphemeralNodeDeletionTest
zookeeper-server,org.apache.zookeeper.test.PersistentWatcherTest
zookeeper-server,org.apache.zookeeper.test.AuthSHA2Test
zookeeper-server,org.apache.zookeeper.test.StatTest
zookeeper-server,org.apache.zookeeper.test.SaslAuthFailDesignatedClientTest
zookeeper-server,org.apache.zookeeper.server.quorum.ReconfigDuringLeaderSyncTest
zookeeper-server,org.apache.zookeeper.server.ZooKeeperServerStartupTest
zookeeper-server,org.apache.zookeeper.server.quorum.FollowerRequestProcessorTest
zookeeper-server,org.apache.zookeeper.test.ZooKeeperQuotaTest
zookeeper-server,org.apache.zookeeper.server.CreateContainerTest
zookeeper-server,org.apache.zookeeper.test.ObserverQuorumHammerTest
zookeeper-server,org.apache.zookeeper.server.quorum.QuorumRequestPipelineTest
zookeeper-server,org.apache.zookeeper.test.ZkDatabaseCorruptionTest
zookeeper-server,org.apache.zookeeper.test.SyncCallTest
zookeeper-server,org.apache.zookeeper.test.ThrottledOpQuorumTest
zookeeper-server,org.apache.zookeeper.test.ObserverMasterTest
zookeeper-server,org.apache.zookeeper.server.quorum.QuorumPeerMainMultiAddressTest
zookeeper-server,org.apache.zookeeper.test.ClientRetryTest
zookeeper-server,org.apache.zookeeper.test.WatchEventWhenAutoResetTest
zookeeper-server,org.apache.zookeeper.test.QuorumZxidSyncTest
zookeeper-server,org.apache.zookeeper.RemoveWatchesTest
zookeeper-server,org.apache.zookeeper.test.LocalSessionsOnlyTest
zookeeper-server,org.apache.zookeeper.server.quorum.auth.QuorumAuthUpgradeTest
zookeeper-server,org.apache.zookeeper.server.quorum.ReconfigRollingRestartCompatibilityTest
zookeeper-server,org.apache.zookeeper.test.SessionInvalidationTest
zookeeper-server,org.apache.zookeeper.GetAllChildrenNumberTest
zookeeper-server,org.apache.zookeeper.ZKUtilTest
zookeeper-server,org.apache.zookeeper.server.InvalidSnapshotTest
zookeeper-server,org.apache.zookeeper.server.ZooKeeperServerMainTest
zookeeper-server,org.apache.zookeeper.test.GetProposalFromTxnTest
zookeeper-server,org.apache.zookeeper.server.quorum.UnifiedServerSocketTest
zookeeper-server,org.apache.zookeeper.test.HierarchicalQuorumTest
zookeeper-server,org.apache.zookeeper.test.FourLetterWordsTest
zookeeper-server,org.apache.zookeeper.test.PersistentRecursiveWatcherTest
zookeeper-server,org.apache.zookeeper.test.NonRecoverableErrorTest
zookeeper-server,org.apache.zookeeper.server.quorum.QuorumDigestTest
zookeeper-server,org.apache.zookeeper.server.PurgeTxnTest
zookeeper-server,org.apache.zookeeper.server.quorum.QuorumSSLTest
zookeeper-server,org.apache.zookeeper.test.ACLCountTest
zookeeper-server,org.apache.zookeeper.client.ZKClientConfigTest
zookeeper-server,org.apache.zookeeper.test.SaslAuthDesignatedClientTest
zookeeper-server,org.apache.zookeeper.test.TruncateTest
zookeeper-server,org.apache.zookeeper.ClientReconnectTest
zookeeper-server,org.apache.zookeeper.server.ServerIdTest
zookeeper-server,org.apache.zookeeper.test.ResponseCacheTest
zookeeper-server,org.apache.zookeeper.server.util.AuthUtilTest
zookeeper-server,org.apache.zookeeper.server.NettyServerCnxnFactoryTest
zookeeper-server,org.apache.zookeeper.ClientCnxnSocketFragilityTest
zookeeper-server,org.apache.zookeeper.audit.Slf4JAuditLoggerTest
zookeeper-server,org.apache.zookeeper.server.quorum.auth.QuorumDigestAuthTest
zookeeper-server,org.apache.zookeeper.test.AsyncOpsTest
zookeeper-server,org.apache.zookeeper.server.RequestThrottlerTest
zookeeper-server,org.apache.zookeeper.test.ChrootClientTest
zookeeper-server,org.apache.zookeeper.test.UnsupportedAddWatcherTest
zookeeper-server,org.apache.zookeeper.server.Emulate353TTLTest
zookeeper-server,org.apache.zookeeper.test.AuthSHA3Test
zookeeper-server,org.apache.zookeeper.test.FourLetterWordsWhiteListTest
zookeeper-server,org.apache.zookeeper.server.ClientSSLReloadTest
zookeeper-server,org.apache.zookeeper.test.SessionUpgradeTest
zookeeper-server,org.apache.zookeeper.server.quorum.QuorumPeerMainTest
zookeeper-server,org.apache.zookeeper.server.X509AuthFailureTest
zookeeper-server,org.apache.zookeeper.server.quorum.EagerACLFilterTest
zookeeper-server,org.apache.zookeeper.server.quorum.ReconfigBackupTest
zookeeper-server,org.apache.zookeeper.test.QuorumQuotaTest
zookeeper-server,org.apache.zookeeper.test.NullDataTest
zookeeper-server,org.apache.zookeeper.server.quorum.UnifiedServerSocketModeDetectionTest
zookeeper-server,org.apache.zookeeper.server.quorum.LeaderMetricsTest
